ID,Nome,Preferito,Posizione,Durata,Giocatori,Età,Tipologia,Collezione,Note,ParoleChiave,URLImmagine
g0001,7 Wonders - Architecs,FALSE,Casa,25,2;7,,Strategia;GestioneRisorse,g0003,,7 Wonders - Architecs Casa Strategia;GestioneRisorse ,https://www.dl.dropboxusercontent.com/scl/fi/ku0daxpxaf4rqlpcfn9n3/7wondersarchitecs.jpg?rlkey=p6sr38ephewgwjrj34ru5k53n&dl=0
g0002,7 Wonders - Duel,FALSE,Casa,30,2,10,Strategia;GestioneRisorse,g0003,Risorse,7 Wonders - Duel Casa Strategia;GestioneRisorse Risorse,https://www.dl.dropboxusercontent.com/scl/fi/l9tgqmdo047ngdxq9gcej/7wondersduel.jpg?rlkey=eu5hb72rf4g93fti5icbuberm&dl=0
g0003,7 Wonders,FALSE,Casa,30,3;7,,Strategia;GestioneRisorse,g0003,Risorse,7 Wonders Casa Strategia;GestioneRisorse Risorse,https://www.dl.dropboxusercontent.com/scl/fi/5blbrfwnsikhcwghj12oo/7wonders.jpg?rlkey=y5t09fqrr8yuzz2e8zq1ocpnh&dl=0
g0004,7 Wonders - Duel - Pantheon,FALSE,Casa,30,2,10,Strategia;GestioneRisorse,g0003,Risorse,7 Wonders - Duel - Pantheon Casa Strategia;GestioneRisorse Risorse,https://www.dl.dropboxusercontent.com/scl/fi/rbiepb2lh9nsa7q997636/7-wonderspantheon.png?rlkey=hbxnlqdxx3i6irk5pfomdd7ug&dl=0
g0005,Bang,FALSE,FALSE,20,4;7,,Bluff;StrategiaBluff;StrategiaGdR,,,Bang FALSE Bluff;StrategiaBluff;StrategiaGdR ,https://www.dl.dropboxusercontent.com/scl/fi/iwkrhzbc1xoxad5v1y3vt/bang.jpg?rlkey=gof1u5id765rsjddixjrbs8sg&dl=0
g0006,Brandi Dog,FALSE,Casa,30,2;4,,Classico;Carte;Famiglia,,,Brandi Dog Casa Classico;Carte;Famiglia ,https://www.dl.dropboxusercontent.com/scl/fi/tpike4iexh7yfwo7u9z3j/brandiDog.png?rlkey=k4jrlb08j8f3qa45w4teec89u&dl=0
g0007,Dixit Stella,FALSE,Casa,30,3;6,,Deduzione;Parole;Creatività;Plancia,g0008,,Dixit Stella Casa Deduzione;Parole;Creatività;Plancia ,https://www.dl.dropboxusercontent.com/scl/fi/k1lxvpddquboyu11pdj6m/dixitstella.jpg?rlkey=o5tjvc2n25ney3rb1gj7bin8d&dl=0
g0008,Dixit,FALSE,Casa,30,3;6,,Deduzione;Parole;Creatività,g0008,,Dixit Casa Deduzione;Parole;Creatività ,https://www.dl.dropboxusercontent.com/scl/fi/qy94w3k4yt3qk87z1s0cm/dixit.jpg?rlkey=ymqqinqtsq3v7o8uib1enbjdt&dl=0
g0009,Exploding Kittens,FALSE,Casa,15,2;5,7,StrategiaBluff;Famiglia,g0009,,Exploding Kittens Casa StrategiaBluff;Famiglia ,https://www.dl.dropboxusercontent.com/scl/fi/8tkmzz7w6swu36vj869jo/explodingKittens.jpg?rlkey=1ch2lgi2o3z2i86fdf4citrps&dl=0
g0010,Imploding Kittens,FALSE,Casa,15,2;5,7,StrategiaBluff;Famiglia,g0009,,Imploding Kittens Casa StrategiaBluff;Famiglia ,https://www.dl.dropboxusercontent.com/scl/fi/d8jxzkheb6frepc2h5m8h/explodingKittensimplodingKittens.jpg?rlkey=qi8xrs474d2pxyswqfrgar7x1&dl=0
g0011,Exploding Kittens - v.m. 18,FALSE,Casa,15,2;5,18,StrategiaBluff;Famiglia,g0009,,Exploding Kittens - v.m. 18 Casa StrategiaBluff;Famiglia ,https://www.dl.dropboxusercontent.com/scl/fi/7mj5qx3jxmzdbv3je615j/explodingKittensvm18.jpg?rlkey=inokhpn1l5pjjqzrxxbl35qyo&dl=0
g0012,Streaking Kittens,FALSE,Casa,15,2;5,7,StrategiaBluff;Famiglia,g0009,,Streaking Kittens Casa StrategiaBluff;Famiglia ,https://www.dl.dropboxusercontent.com/scl/fi/31dr0i0dkz49sgngf49jq/explodingKittensstreakingKittens.jpg?rlkey=u5eir34r11cj6xinm3p2p5x6t&dl=0
g0013,Zombie Kittens,FALSE,Casa,15,2;5,7,StrategiaBluff;Famiglia,g0009,exploding,Zombie Kittens Casa StrategiaBluff;Famiglia exploding,https://www.dl.dropboxusercontent.com/scl/fi/sj24cv8p096lpkmniprik/explodingKittenszombieKittens.jpg?rlkey=aml4zxtel05j1x9nmfmu1mos9&dl=0
g0014,Exploding Kittens - Party Edition,FALSE,Casa,15,2;10,7,StrategiaBluff;Famiglia,g0009,,Exploding Kittens - Party Edition Casa StrategiaBluff;Famiglia ,https://www.dl.dropboxusercontent.com/scl/fi/8wjvfr09k8bazbay6x5xm/explodingKittenspartyEdition.jpg?rlkey=xkykxfuv0mnfofgqcsvfnmqt4&dl=0
g0015,Munchkin,FALSE,Casa,60,3;6,8,StrategiaBluff;StrategiaGdR,,,Munchkin Casa StrategiaBluff;StrategiaGdR ,https://www.dl.dropboxusercontent.com/scl/fi/vq7e13sdp4klywbtj3wcy/munchkin.jpg?rlkey=139q6bo4jdv716d7711ikmf7m&dl=0
g0016,Backgammon,FALSE,Casa,15,2,8,StrategiaClassico;Classico,g0016,,Backgammon Casa StrategiaClassico;Classico ,https://www.dl.dropboxusercontent.com/scl/fi/zuiyzcvspnfddfvl09bkj/backgammon.png?rlkey=d63b80gn1g6tgjmhuwh7gp6x8&dl=0
g0017,Backgammon valigetta,FALSE,Casa,15,2,8,StrategiaClassico;Classico,g0016,,Backgammon valigetta Casa StrategiaClassico;Classico ,https://www.dl.dropboxusercontent.com/scl/fi/mvdbfllybvrvba23f6kqv/backgammonValigia.png?rlkey=cvr686rnw3iqzr0eod6nukpma&dl=0
g0018,Backgammon magnetico,FALSE,Casa,15,2,8,StrategiaClassico;Portatile;Classico,g0016,portatile,Backgammon magnetico Casa StrategiaClassico;Portatile;Classico portatile,https://www.dl.dropboxusercontent.com/scl/fi/sn7hlshuwf4ua0yws45ee/backgammonMagnetico.jpeg?rlkey=55k00p6luimqw9rh8lxpfqg8s&dl=0
g0019,Carte Napoletane,FALSE,Casa,15,1;4,,Carte;StrategiaClassico,g0019,,Carte Napoletane Casa Carte;StrategiaClassico ,https://www.dl.dropboxusercontent.com/scl/fi/mb7jro6l8pcvc7uuqhtip/carteNapoletane.jpeg?rlkey=km3p17kvt07o1bid925trs19d&dl=0
g0020,Carte Trevigiane,FALSE,Casa,15,1;4,,Carte;StrategiaClassico,g0019,,Carte Trevigiane Casa Carte;StrategiaClassico ,https://www.dl.dropboxusercontent.com/scl/fi/9a8dx2y92u1vgl5ztbvhk/carteTrevigiane.jpeg?rlkey=281xfac0y1uskqj3mz6canhcg&dl=0
g0021,Talisman,FALSE,Casa,180,2;6,,StrategiaGdR;Plancia,,,Talisman Casa StrategiaGdR;Plancia ,https://www.dl.dropboxusercontent.com/scl/fi/hgnaw17pzdnedncjy0jez/talisman.jpeg?rlkey=xihtai0kem8wnfwnpt2qfek24&dl=0
g0022,The Mind,FALSE,Casa,20,2;4,,StrategiaGruppo;Deduzione;Tempismo,,,The Mind Casa StrategiaGruppo;Deduzione;Tempismo ,https://www.dl.dropboxusercontent.com/scl/fi/x4fczg5f5g7u29ts0a389/theMind.jpg?rlkey=zsguuspbmoqkmfm1n19eyttgk&dl=0
g0023,Tokyo Highway,FALSE,Casa,30,2;4,,Manualità;StrategiaPosizionamento,,,Tokyo Highway Casa Manualità;StrategiaPosizionamento ,https://www.dl.dropboxusercontent.com/scl/fi/8o5xasfy4qstt1vtqmkio/tokyoHighway.jpg?rlkey=0ro279c5ayhox56pkapw75io4&dl=0
g0024,Vudu,FALSE,Casa,30,3;6,,Famiglia;PartyGame,g0024,,Vudu Casa Famiglia;PartyGame ,https://www.dl.dropboxusercontent.com/scl/fi/he0c9sd2hsrks5a4o6dns/vudu.jpg?rlkey=rz6nvexq0cvbuxvox8kcutpx2&dl=0
g0025,Vudu - Zombie Vs Barbari,FALSE,Casa,30,3;6,,Famiglia;PartyGame,g0024,,Vudu - Zombie Vs Barbari Casa Famiglia;PartyGame ,https://www.dl.dropboxusercontent.com/scl/fi/tl2d826ppilnl7v8aum6k/vuduzombieBarbari.jpg?rlkey=o3kbtxetiwt8psxm54fc54th7&dl=0
g0026,Room 25,FALSE,Casa,30,1;6,,StrategiaGruppo;Traditore,g0026,,Room 25 Casa StrategiaGruppo;Traditore ,https://www.dl.dropboxusercontent.com/scl/fi/lh4kbrdoadhmr4xp1gv1a/room25.jpg?rlkey=f3ebkw04bn9wzut7v5ne0pc6j&dl=0
g0027,Room 25 - Season 2,FALSE,Casa,30,1;8,,StrategiaGruppo;Traditore,g0026,,Room 25 - Season 2 Casa StrategiaGruppo;Traditore ,https://www.dl.dropboxusercontent.com/scl/fi/m8f7v9jw7271jeg9ljtw6/room25Season2.jpg?rlkey=x6leg8q0zbyxvjr604zod7f25&dl=0
g0028,Just One,FALSE,Casa,30,3;5,,PartyGame;Deduzione;Parole;Cooperazione,,,Just One Casa PartyGame;Deduzione;Parole;Cooperazione ,https://www.dl.dropboxusercontent.com/scl/fi/nuk7oqx0k49ubv4wg2hk6/justOne.jpeg?rlkey=3fbbqwosz4031briplfj2ou4v&dl=0
g0029,Pictures,FALSE,Casa,30,3;5,,PartyGame;Deduzione;Creatività,,,Pictures Casa PartyGame;Deduzione;Creatività ,https://www.dl.dropboxusercontent.com/scl/fi/bi24mts50z2cpektbxach/pictures.png?rlkey=1wkx0p1rhv0oao4hu4l38euyc&dl=0
g0030,Splendor,FALSE,Casa,30,2;4,10,StrategiaGenerica;GestioneRisorse,g0030,,Splendor Casa StrategiaGenerica;GestioneRisorse ,https://www.dl.dropboxusercontent.com/scl/fi/6f9p6ij587kgso310h5hh/splendor.jpg?rlkey=sgkfa2rnnd74560c44guqb9i1&dl=0
g0031,Le città di Splendor,FALSE,Casa,30,2;4,10,StrategiaGenerica;GestioneRisorse,g0030,,Le città di Splendor Casa StrategiaGenerica;GestioneRisorse ,https://www.dl.dropboxusercontent.com/scl/fi/3l72aa7t9btgyr14qyu7t/splendorEspansione.jpeg?rlkey=pfq236j3ptmsbf5tbe9c9h8y3&dl=0
g0032,Mano Lesta,FALSE,Casa,15,2;6,5,Manualità;Famiglia;Velocità,,,Mano Lesta Casa Manualità;Famiglia;Velocità ,https://www.dl.dropboxusercontent.com/scl/fi/5bhlndhwxmfglkt381g0j/manolesta.png?rlkey=29jrcqtya3fwhyd45pzbnhvug&dl=0
g0033,Lince,FALSE,Casa,20,2;6,,Famiglia;Velocità,,,Lince Casa Famiglia;Velocità ,https://www.dl.dropboxusercontent.com/scl/fi/ye84rlxz43mm1c9zj9dta/lince.jpg?rlkey=2un4nte25jblg4pkqc5q6anld&dl=0ù
g0034,Arsenic,FALSE,Casa,15,1;6,,Fortuna;PartyGame,,,Arsenic Casa Fortuna;PartyGame ,https://www.dl.dropboxusercontent.com/scl/fi/c0cfzbhktb4occbmc0ldy/arsenic.jpeg?rlkey=7ov3n77zwxlk01r7eeq0okmci&dl=0
g0035,Taco Gatto Cacio Pizza,FALSE,Casa,10,2;8,8,Velocità;Famiglia,,,Taco Gatto Cacio Pizza Casa Velocità;Famiglia ,https://www.dl.dropboxusercontent.com/scl/fi/2ll2glurp9xnals7wkqo5/tacoGattoCapraCacioPizza.jpg?rlkey=78oz5mgbec6covlxfslami1w8&dl=0
g0036,Da Vinci Code,FALSE,Casa,15,2;4,10,StrategiaLogica;Logica,g0036,,Da Vinci Code Casa StrategiaLogica;Logica ,https://www.dl.dropboxusercontent.com/scl/fi/orsynjogub6j5hlp8c0op/davincicode.jpeg?rlkey=lujcgxkju84nga37bg83wi53s&dl=0
g0037,达芬奇密码,FALSE,Casa,15,2;4,10,StrategiaLogica;Logica,g0036,Da Vinci Code cinese china cina,达芬奇密码 Casa StrategiaLogica;Logica Da Vinci Code cinese china cina,https://www.dl.dropboxusercontent.com/scl/fi/dyz3trwzanb21up98fsek/daVinciChina.png?rlkey=4tmhiq7a15ppc5qpztqkm5dwc&dl=0
g0038,Dwarfest,FALSE,Casa,45,2;6,,Giornate;StrategiaGenerica,,,Dwarfest Casa Giornate;StrategiaGenerica ,https://www.dl.dropboxusercontent.com/scl/fi/1yd4znbbuwaw6yypuqmp6/dwarfest.jpeg?rlkey=7553hoq270h9xpffkw4dvr8vr&dl=0
g0039,A Game of Cat and Mouth,FALSE,Casa,10,2,,Manualità;Famiglia;Velocità,g0009,exploding kittens,A Game of Cat and Mouth Casa Manualità;Famiglia;Velocità exploding kittens,https://www.dl.dropboxusercontent.com/scl/fi/1tbq7d5rt27zsf70l0bu2/aGameOfCatAndMouth.jpg?rlkey=owv8h06zcovnauitrt7cs0h6l&dl=0
g0040,Imagine,FALSE,Genitori Vr,30,3;8,,Parole;DeduzioneParole,,,Imagine Genitori Vr Parole;DeduzioneParole ,https://www.dl.dropboxusercontent.com/scl/fi/dezps5q0exwttyo0gojrq/imagine.png?rlkey=a9dzol7pk8tdnqwg2rwemr5dt&dl=0
g0041,Baruffa Veneta,FALSE,Casa,60,2;6,,GestioneRisorse;Classico;StrategiaGenerica,,Risiko risico,Baruffa Veneta Casa GestioneRisorse;Classico;StrategiaGenerica Risiko risico,https://www.dl.dropboxusercontent.com/scl/fi/hlcat1wk4snk70sogkufy/baruffaveneta.png?rlkey=48mletkufdy4zqg30lvfn1h2z&dl=0
g0042,Throw Throw Burrito,FALSE,Casa,15,2;6,,Manualità;PartyGame;Famiglia,g0009,,Throw Throw Burrito Casa Manualità;PartyGame;Famiglia ,https://www.dl.dropboxusercontent.com/scl/fi/m4seczxz0x4qligajtblr/throwThrowBurrito.jpg?rlkey=zt1th72bsc1iqw45nzbi3dknb&dl=0
g0043,Dixit - Memories,FALSE,Casa,30,3;6,,DeduzioneParole;Creatività,g0008,,Dixit - Memories Casa DeduzioneParole;Creatività ,https://www.dl.dropboxusercontent.com/scl/fi/1k33uwe5k6vlpg8dcs40i/dixitMemories.png?rlkey=ze7o6to9bwq74ngz8ew7986ur&dl=0
g0044,Concept,FALSE,Casa,40,4;12+,,DeduzioneParole;Creatività,,,Concept Casa DeduzioneParole;Creatività ,https://www.dl.dropboxusercontent.com/scl/fi/w2u3efx1xl9ipfs4lkwy9/concept.jpg?rlkey=s6xp8ud2qj443k89j04fvsu4f&dl=0
g0045,Exit - La Tomba del Faraone,FALSE,Casa,90,1;6,12,Deduzione;EscapeRoom;Cooperativo,g0045,escape room ,Exit - La Tomba del Faraone Casa Deduzione;EscapeRoom;Cooperativo escape room ,https://www.dl.dropboxusercontent.com/scl/fi/ntxrnvxk0b0z5z30ag73s/exitFaraone.jpg?rlkey=adwfti59xc49u23sdvkw37rt8&dl=0
g0046,Jenga,FALSE,Casa,10,1;2,,StrategiaGenerica;Manualità,,,Jenga Casa StrategiaGenerica;Manualità ,https://www.dl.dropboxusercontent.com/scl/fi/l0h71ih7ib0fh65suouy4/jenga.png?rlkey=2hwte51ww83g27i9xw9bb9iay&dl=0
g0047,Scotland Yard,FALSE,Casa,30,3;6,,StrategiaGruppo;Traditore;Deduzione;Logica,,,Scotland Yard Casa StrategiaGruppo;Traditore;Deduzione;Logica ,https://www.dl.dropboxusercontent.com/scl/fi/yp0anikocug02tc6b1yfo/scotlandYard.jpeg?rlkey=5vc4zamh6hl7myxmrvlefelaa&dl=0
g0048,Kaleidos,FALSE,Casa,20,2+,,DeduzioneParole;Creatività;Velocità,,,Kaleidos Casa DeduzioneParole;Creatività;Velocità ,https://www.dl.dropboxusercontent.com/scl/fi/rzpic59mzd5g3sna4a7p2/kaleidos.jpg?rlkey=04bjnr1rdi5qmg9onq9av58pd&dl=0
g0049,Cranium,FALSE,Casa,50,4+,,Creatività;Manualità;PartyGame;DeduzioneParole,,,Cranium Casa Creatività;Manualità;PartyGame;DeduzioneParole ,https://www.dl.dropboxusercontent.com/scl/fi/fvvgl0do39ig7hv5axmz9/cranium.png?rlkey=orwfctk6x5g7fu8wglgni195t&dl=0
g0050,Cortex+,FALSE,Casa,25,2;6,,Creatività;PartyGame;DeduzioneParole,,,Cortex+ Casa Creatività;PartyGame;DeduzioneParole ,https://www.dl.dropboxusercontent.com/scl/fi/ideh9y1wpywqh7igjamvs/cortex.jpeg?rlkey=ytksjnbm3m6g5az2l0a06inre&dl=0
g0051,I Soliti Sospetti,FALSE,Casa,20,3;18,,StrategiaGruppo;DeduzioneParole,,,I Soliti Sospetti Casa StrategiaGruppo;DeduzioneParole ,https://www.dl.dropboxusercontent.com/scl/fi/61n1mvsjj35vi3wqtbqst/solitiSospetti.png?rlkey=ech74o0j36i55gk6cj664efhz&dl=0
g0052,Metereopatici,FALSE,Casa,50,2;4,,Educativo;StrategiaGenerica;Plancia,,meteo tempo,Metereopatici Casa Educativo;StrategiaGenerica;Plancia meteo tempo,https://www.dl.dropboxusercontent.com/scl/fi/hz9a3h3gfx672si8em4et/metereopatici.jpg?rlkey=7dbji3iale6hb0xbf0e6oauwk&dl=0
g0053,Lego - City Alarm,FALSE,Casa,15,2;4,,StrategiaGenerica;Famiglia,,,Lego - City Alarm Casa StrategiaGenerica;Famiglia ,https://www.dl.dropboxusercontent.com/scl/fi/pewmm8tknc3dqz5i43ort/cityAlarm.jpeg?rlkey=u8bjr645ev132hgr2nbmydhxd&dl=0
g0054,Adrenalina,FALSE,Casa,60,3;5,,Sparatutto;StrategiaGenerica;Plancia,,,Adrenalina Casa Sparatutto;StrategiaGenerica;Plancia ,https://www.dl.dropboxusercontent.com/scl/fi/vm063w9gqiiix6db4dv5c/adrenalina.jpg?rlkey=i6j6zc5r5g37jjj135hncw92e&dl=0
g0055,Twister,FALSE,Casa,15,2+,,Manualità;Famiglia;PartyGame,,,Twister Casa Manualità;Famiglia;PartyGame ,https://www.dl.dropboxusercontent.com/scl/fi/s616ptwkay8cxer5mq3d9/twister.jpeg?rlkey=42aata1rfmu55itx9jd4hvrhy&dl=0
g0056,Forza Quattro Travel,FALSE,Casa,5,2,,StrategiaGenerica;Famiglia;Classico,,,Forza Quattro Travel Casa StrategiaGenerica;Famiglia;Classico ,https://www.dl.dropboxusercontent.com/scl/fi/7cjcm3v1165gh1wcf1e88/forza4Travel.jpeg?rlkey=1v6xu9j1y7fmqs46sodl7lskw&dl=0
g0057,Carte Siciliane,FALSE,Casa,15,1;4,,Carte;Classico,g0019,,Carte Siciliane Casa Carte;Classico ,https://www.dl.dropboxusercontent.com/scl/fi/i5yvn3ltpxrc00cfh9oj1/carteSiciliane.jpg?rlkey=nv5piqmvsay23eqq5xbogmkek&dl=0
g0058,Carte Trentine,FALSE,Casa,15,1;4,,Carte;Classico,g0019,,Carte Trentine Casa Carte;Classico ,https://www.dl.dropboxusercontent.com/scl/fi/0bhr17bo05bkltr6b8f4t/carteTrentine.jpg?rlkey=3fmcvez4j6kil024017qspxqz&dl=0
g0059,Carte Triestine,FALSE,Casa,15,1;4,,Carte;Classico,g0019,,Carte Triestine Casa Carte;Classico ,https://www.dl.dropboxusercontent.com/scl/fi/z1akfy9kzdk18xot7nuiq/carteTriestine.jpg?rlkey=x6scpnv787y4th1blahjok66r&dl=0
g0060,Carte Francesi,FALSE,Casa,15,1;4,,Carte;Classico,g0019,,Carte Francesi Casa Carte;Classico ,https://www.dl.dropboxusercontent.com/scl/fi/1mrk8glpfbbhmwnbws6nx/carteFrancesi.jpg?rlkey=06h07pa64jopd67b1m58hewv3&dl=0
g0061,Pictionary,FALSE,Casa,30,4;10,,PartyGame;Deduzione;Creatività;Manualità,,,Pictionary Casa PartyGame;Deduzione;Creatività;Manualità ,https://www.dl.dropboxusercontent.com/scl/fi/0b5zlnmjz1j7v7r62wgil/Pictionary.jpeg?rlkey=1d6xk67qt0xt61p57a5z3cwfb&dl=0
g0062,Nome In Codice Visual,FALSE,Casa,15,2;8,,Creatività;PartyGame;DeduzioneParole,,parole,Nome In Codice Visual Casa Creatività;PartyGame;DeduzioneParole parole,https://www.dl.dropboxusercontent.com/scl/fi/rih8y01fo2bd5ipvhgkc6/nomeInCodice.jpg?rlkey=xjl4s2o3iyfm9lr7qopaou2pv&dl=0
g0063,Monopoli,FALSE,Casa,90,2;6,,GestioneRisorse;Classico;StrategiaGenerica,,,Monopoli Casa GestioneRisorse;Classico;StrategiaGenerica ,https://www.dl.dropboxusercontent.com/scl/fi/a9dwthdkl25iidd8c281h/monopoli.png?rlkey=dfo9fgjzxl05hs7p13y4ngm8k&dl=0
g0064,Similo Storia,FALSE,Casa,10,2;12,7,PartyGame;DeduzioneParole;Educativo,g0064,,Similo Storia Casa PartyGame;DeduzioneParole;Educativo ,https://www.dl.dropboxusercontent.com/scl/fi/a0r3tmukb15mklp5elvoe/similoStoria.png?rlkey=86t7lwbjc6zbajlria5i6lnd9&dl=0
g0065,Similo Fiabe,FALSE,Casa,10,2;12,7,PartyGame;DeduzioneParole,g0064,,Similo Fiabe Casa PartyGame;DeduzioneParole ,https://www.dl.dropboxusercontent.com/scl/fi/4eabaur6wt768emroltlk/similoFiabe.png?rlkey=9o0czymrnsjef1n9ykqsalc39&dl=0
g0066,Speedy Words,FALSE,Casa,10;15,2;8,,Velocità;Parole;PartyGame,,parole,Speedy Words Casa Velocità;Parole;PartyGame parole,https://www.dl.dropboxusercontent.com/scl/fi/76t7xpgq7dgcrgilqifjd/speedyWords.jpeg?rlkey=4423xtfd9r7asi0d1iwzan006&dl=0
g0067,Potion,FALSE,Casa,10;20,3;7,,StrategiaGenerale;GestionRisorse,,,Potion Casa StrategiaGenerale;GestionRisorse ,https://www.dl.dropboxusercontent.com/scl/fi/lq9ezqeqywlz94bozbs7h/potion.jpg?rlkey=sdwpbctl1f0buk8vd1chilz9u&dl=0
g0068,Hive,FALSE,Casa,20,2,,StrategiaGenerica;Scacchi,,,Hive Casa StrategiaGenerica;Scacchi ,https://www.dl.dropboxusercontent.com/scl/fi/fwwnc06ej3olyouwsgg0g/hive.png?rlkey=6f9vcshtzzm0dy83t08hhwelu&dl=0
g0069,Cluedo Travel,FALSE,Casa,30,3;6,,StrategiaGenerica;Deduzione;Portatile,,,Cluedo Travel Casa StrategiaGenerica;Deduzione;Portatile ,https://www.dl.dropboxusercontent.com/scl/fi/4cuuilid2t51sog20dnjg/cluedoTravel.jpeg?rlkey=dlkgepqwbb76l72456hrtcj2z&dl=0
g0070,Lego - Creationary,FALSE,Casa,30,3;8,,PartyGame;Deduzione;Creatività;Manualità,,creativita,Lego - Creationary Casa PartyGame;Deduzione;Creatività;Manualità creativita,https://www.dl.dropboxusercontent.com/scl/fi/au4rh056gj26pn7mvpext/legoCreationary.jpeg?rlkey=gw9504m4pygx6pkzj16iwu9av&dl=0
g0071,Bluff Party,FALSE,Casa,120,4;50,,PartyGame;Bluff,,,Bluff Party Casa PartyGame;Bluff ,https://www.dl.dropboxusercontent.com/scl/fi/parf0pnvesi1rl0q8ootc/bluffParty.jpg?rlkey=74blqve7c34x0ozbm4frww4t3&dl=0
g0072,Carcassonne,FALSE,Casa,40,2;5,,StrategiaGenerica;Fortuna,,,Carcassonne Casa StrategiaGenerica;Fortuna ,https://www.dl.dropboxusercontent.com/scl/fi/8ua8cch19b3r0xckormat/carcassonne.jpg?rlkey=wzd5yppts890p3ooox0n2pyyw&dl=0
g0073,Focus Storia,FALSE,Casa,45,2;4,,Educativo;StrategiaGenerica,,istruttivi,Focus Storia Casa Educativo;StrategiaGenerica istruttivi,https://www.dl.dropboxusercontent.com/scl/fi/zmb3rdro29qvx019mxcie/focusStoria.png?rlkey=b4eg5hstplh9hidr5mq2fbhsp&dl=0
g0074,Parola per Parola,FALSE,Casa,20,2;12,,Parole;PartyGame,,parole,Parola per Parola Casa Parole;PartyGame parole,https://www.dl.dropboxusercontent.com/scl/fi/ik7gnpsa4aia27ivn23kd/parola-per-parola.jpeg?rlkey=4e0knzycso8g9w7pksgp91bd4&dl=0
g0075,Couleur de Paris,FALSE,Casa,45,2;4,,StrategiaGenerica;Plancia;GestioneRisorse,,colori,Couleur de Paris Casa StrategiaGenerica;Plancia;GestioneRisorse colori,https://www.dl.dropboxusercontent.com/scl/fi/g6cm5yemys5b1ylgi5w7h/coleurDeParis.jpeg?rlkey=73ffke1rfyvzkbnehl9szoqet&dl=0
g0076,È Tutta un'Altra Storia,FALSE,Casa,60,2;4,,Educativo;StrategiaGenerica,,istruttivi,È Tutta un'Altra Storia Casa Educativo;StrategiaGenerica istruttivi,https://www.dl.dropboxusercontent.com/scl/fi/exdua8tyf3hfpugqbp8hl/tuttaAltraStoria.jpeg?rlkey=7t2o99o7k6kwhu75leja0igz8&dl=0
g0077,28,FALSE,Casa,45,2;4,,StrategiaGenerica;Plancia;GestioneRisorse,,tram lisbona,28 Casa StrategiaGenerica;Plancia;GestioneRisorse tram lisbona,https://www.dl.dropboxusercontent.com/scl/fi/wvw3dv6tz2cy5s0ctooia/28.png?rlkey=58391fxze6tob5ohgurgzogo7&dl=0
g0078,Azul - Maître Chocolatier,FALSE,Casa,45,2;4,,StrategiaGenerica;Plancia;GestioneRisorse,,cioccolato mattonelle piastrelle,Azul - Maître Chocolatier Casa StrategiaGenerica;Plancia;GestioneRisorse cioccolato mattonelle piastrelle,https://www.dl.dropboxusercontent.com/scl/fi/0bb7xne3ptuomh468xmso/azulCholatier.jpeg?rlkey=4z2g0ht1yhbdhx5dlcr18ysjh&dl=0
g0079,insektbanko - bug bingo,FALSE,Casa,25,2;10,,Famiglia;Classico,,tiger,insektbanko - bug bingo Casa Famiglia;Classico tiger,https://www.dl.dropboxusercontent.com/scl/fi/rb5sq39n2rbecfzx857i4/bugBingo.png?rlkey=phj584nptw0lbtrcp2n35zw7h&dl=0
g0080,Paise - Il Gioco dei Trulli,FALSE,Casa,60,2;4,,Commercio;Classico;StrategiaGenerica,,monopoli,Paise - Il Gioco dei Trulli Casa Commercio;Classico;StrategiaGenerica monopoli,https://www.dl.dropboxusercontent.com/scl/fi/qinft3d91d5g0ewmde0fn/paiseIlGiocoDeiTrulli.png?rlkey=sukcxjks30ihkikr0k0bhikar&dl=0
g0081,Musefanger - Mouse catcher,FALSE,Casa,10,2;6,5,Velocità;Famiglia,,Acchiappa il topo tiger,Musefanger - Mouse catcher Casa Velocità;Famiglia Acchiappa il topo tiger,https://www.dl.dropboxusercontent.com/scl/fi/55fmh30y6371fo29shh9z/acchiappaTopo.png?rlkey=vo9dthvtwweb0tgzqmmp4irgx&dl=0
g0082,Kill the Unicorns,FALSE,Casa,40,3;6,10,Giornate;StrategiaGenerica,,,Kill the Unicorns Casa Giornate;StrategiaGenerica ,https://www.dl.dropboxusercontent.com/scl/fi/02mgkhwz7hu2haio45pmz/killTheUnicorns.jpg?rlkey=iizbpe60c1smfcrtchty6pgwk&dl=0
g0083,Zen Master,FALSE,Casa,30,3;5,8,StrategiaLogica;Logica,,,Zen Master Casa StrategiaLogica;Logica ,https://www.dl.dropboxusercontent.com/scl/fi/ixj22zyyghse3ok063vwn/zenMaster.jpeg?rlkey=fzof1azc8spzc0bn03kqc1ngb&dl=0
g0084,Jungle Speed,FALSE,Casa,15,2;10,7,PartyGame;Bluff;Velocità,,Limited edition,Jungle Speed Casa PartyGame;Bluff;Velocità Limited edition,https://www.dl.dropboxusercontent.com/scl/fi/6pds3jo6ktgq1cud80hfn/jungleSpeed.jpg?rlkey=qsfupjzqfr9iaovyvogn02tp6&dl=0
g0085,Il gioco della VITA,FALSE,Casa,45,2;4,8,StrategiaGenerica;Plancia;Famiglia,,,Il gioco della VITA Casa StrategiaGenerica;Plancia;Famiglia ,https://www.dl.dropboxusercontent.com/scl/fi/k5tabnta7jn9fy911ai48/giocoVita.jpg?rlkey=9i42sdj08b8g93k8nb636nhrl&dl=0
g0086,Donald Quest,FALSE,Casa,30,2;4,8,StrategiaGenerica;Plancia;Famiglia,,Topolino disney,Donald Quest Casa StrategiaGenerica;Plancia;Famiglia Topolino disney,https://www.dl.dropboxusercontent.com/scl/fi/7bkxkdibo8u8oz2lxrny3/donaldQuest.jpeg?rlkey=m3aa76p50mg6rijprquwbgej8&dl=0
g0087,OK Play,FALSE,Casa,15,2;4,8,StrategiaGenerica;Famiglia,,,OK Play Casa StrategiaGenerica;Famiglia ,https://www.dl.dropboxusercontent.com/scl/fi/2bt5a51951ixfm9nfo3rb/ok-play.jpeg?rlkey=k4w5kof789f6mf0ql7tfj9ez4&dl=0
g0088,Fiches Lire,FALSE,Casa,10,2,8,#N/A,,soldi,#N/A,https://www.dl.dropboxusercontent.com/scl/fi/hr9ahgmdzu10i0bbua1te/fishDalNegro.png?rlkey=1mvz26gjpww9hcryg2f7353lf&dl=0
g0089,Olè GuacaMole,FALSE,Casa,15,2;8,10,Parole;PartyGame,,Ole ,Olè GuacaMole Casa Parole;PartyGame Ole ,https://www.dl.dropboxusercontent.com/scl/fi/1j8x3psnxqi93byua4zuf/guacamole.jpeg?rlkey=91r03m135zen8l6bsxjgaqnql&dl=0
g0090,Antinomy,FALSE,Casa,30,2,8,StrategiaGenerica;Scacchi,,Parigi gemme,Antinomy Casa StrategiaGenerica;Scacchi Parigi gemme,https://www.dl.dropboxusercontent.com/scl/fi/4dsww2jpwx5y3mgdis271/antinomy.jpeg?rlkey=i9z60fflmdf20286uhlm3e0yf&dl=0
g0091,Plagio,FALSE,Casa,20,4;8,12,Creatività;PartyGame,,,Plagio Casa Creatività;PartyGame ,https://www.dl.dropboxusercontent.com/scl/fi/vurvkodmb9jvgiz7qgeh7/plagio.jpg?rlkey=jidjku9y7y8slfztjgepo4olb&dl=0
g0092,Detective,FALSE,Casa,120;180,1;5,13,Deduzione;EscapeRoom;Cooperativo,,,Detective Casa Deduzione;EscapeRoom;Cooperativo ,https://www.dl.dropboxusercontent.com/scl/fi/m87z4mcvm6npdwjmyujlf/detective.png?rlkey=6vyp4jokwflq7uv1rbajpaaoa&dl=0
g0093,Battaglia Navale,FALSE,Casa,15,2,8,StrategiaGenerica;Classico;Famiglia,,,Battaglia Navale Casa StrategiaGenerica;Classico;Famiglia ,https://www.dl.dropboxusercontent.com/scl/fi/yu5fii8myducexzlibw0i/battagliaNavale.jpeg?rlkey=uef652g7my82ms23en96g1x2x&dl=0
g0094,Memory homemade,FALSE,Casa,10,2,4,Memoria;Famiglia,,fatto mano,Memory homemade Casa Memoria;Famiglia fatto mano,https://www.dl.dropboxusercontent.com/scl/fi/ykzgkr6ovnq5e5e0gfjmr/memory.png?rlkey=emwhss90678wysvbscjkwqjg1&dl=0
g0095,Looney Tunes Memory,FALSE,Casa,10,2,3,Memoria;Famiglia,,,Looney Tunes Memory Casa Memoria;Famiglia ,https://www.dl.dropboxusercontent.com/scl/fi/tka3pvqmo5mba5ode2wsr/MemoryLooneyToons.png?rlkey=qgxw62i7vm2fw0h9svddj2xyo&dl=0
g0096,Blank,FALSE,Casa,10,2;6,6,Creatività;Carte;PartyGame,,regole,Blank Casa Creatività;Carte;PartyGame regole,https://www.dl.dropboxusercontent.com/scl/fi/706os087ils030ekly668/blank.jpg?rlkey=vztwma9cod36jk1ly2gehxrb8&dl=0
g0097,Taboo,FALSE,Casa,30,4;16,13,DeduzioneParole;PartyGame,,parole vietate,Taboo Casa DeduzioneParole;PartyGame parole vietate,https://www.dl.dropboxusercontent.com/scl/fi/k91nzvymuu17fw8enye7c/taboo.jpg?rlkey=0ndrmm54y25vfts6oiurw7iju&dl=0
g0098,That's not a hat,FALSE,Casa,15,3;8,8,Memoria;PartyGame,,,That's not a hat Casa Memoria;PartyGame ,https://www.dl.dropboxusercontent.com/scl/fi/6rskxkrc77uwl5mulhk8p/thatNotHat.jpeg?rlkey=q2yv9n1v23k0iyhardpvgog9e&dl=0
g0099,That's not that's not a hat,FALSE,Casa,15,3;8,8,Memoria;PartyGame,,homemade fatto mano,That's not that's not a hat Casa Memoria;PartyGame homemade fatto mano,https://www.dl.dropboxusercontent.com/scl/fi/v3lvcj0ofqneri7hnwv0m/thatsnotThatsnotHat.png?rlkey=lk0hq1mxf158jb6kvh7wt4huj&dl=0
g0100,Flaggy,FALSE,Casa,10,2;10,5,Educativo;Famiglia,,bandiere bandiera flags istruttivo,Flaggy Casa Educativo;Famiglia bandiere bandiera flags istruttivo,https://www.dl.dropboxusercontent.com/scl/fi/xi8xpuhlivteth9q38k3x/flaggy.jpeg?rlkey=fl4z78xv9dogsvmbv2ezsvivp&dl=0
g0101,TimeLine,FALSE,Casa,15,2;6,8,Educativo;Famiglia,,istruttivo louvre monnalisa arte,TimeLine Casa Educativo;Famiglia istruttivo louvre monnalisa arte,https://www.dl.dropboxusercontent.com/scl/fi/ejjne1lgpbjvts7sxwsq2/timeLineLouvre.jpeg?rlkey=uosl1kj89805vbtntl5622zc7&dl=0
g0102,ITZI,FALSE,Casa,15,2;8,6,DeduzioneParole;Velocità;Famiglia,g0124,parole colori,ITZI Casa DeduzioneParole;Velocità;Famiglia parole colori,https://www.dl.dropboxusercontent.com/scl/fi/3poz8c48w653n6a3nro3n/ITZI.jpeg?rlkey=57y1hyuzhy424amqfamvobqg1&dl=0
g0103,Kemikortspill - Chemestry card game,FALSE,Casa,15,2;4,5,Famiglia;Fortuna,,chimica matraccio beuta beute becker becher tiger,Kemikortspill - Chemestry card game Casa Famiglia;Fortuna chimica matraccio beuta beute becker becher tiger,https://www.dl.dropboxusercontent.com/scl/fi/teykryh4aq5h6ngmtiec7/chemistryCardGame.png?rlkey=mcguj0d1gs74jqjlpi5jgwnty&dl=0
g0104,gæt mig! - guess what! Scopri chi sono!,FALSE,Casa,15,3;10,5,Parole;Velocità;Famiglia,,mimo suono versi carte tiger,gæt mig! - guess what! Scopri chi sono! Casa Parole;Velocità;Famiglia mimo suono versi carte tiger,https://www.dl.dropboxusercontent.com/scl/fi/41h1deo5ntnpuptr5yr45/guessWhat.png?rlkey=gvb76ev7ndjdez3ik086mhxkz&dl=0
g0105,C'era una volta,FALSE,Casa,24,2;6,8,Creatività;Carte;Famiglia,,narrazione storie,C'era una volta Casa Creatività;Carte;Famiglia narrazione storie,https://www.dl.dropboxusercontent.com/scl/fi/rur8oaye04usee8oa0qkn/cEraUnaVolta.jpeg?rlkey=xj44wqpedlwyhcujgutdo9u4f&dl=0
g0106,Se Man Ti Ca,FALSE,Casa,30,2;8,8,Parole;Creatività,,istruttivo semantica,Se Man Ti Ca Casa Parole;Creatività istruttivo semantica,https://www.dl.dropboxusercontent.com/scl/fi/jycbpihwc9myf5i90d8gd/semantica.jpeg?rlkey=tds6qrettx2vo0o0t1i2gavqt&dl=0
g0107,Road Trip,FALSE,Casa,15,2;5,8,Portatile;Auto,,portatile automobile macchina,Road Trip Casa Portatile;Auto portatile automobile macchina,https://www.dl.dropboxusercontent.com/scl/fi/t556mqwomvjafiuqnq8re/roadTripGame.png?rlkey=08vzccaxi517ww25ishto17cx&dl=0
g0108,Palazzo Pazzo,FALSE,Casa,10,2,5,Manualità,,legno,Palazzo Pazzo Casa Manualità legno,https://www.dl.dropboxusercontent.com/scl/fi/8z9gtlu0c0tart6us7hvn/palazzoPazzo.jpeg?rlkey=z5qj0b5x201wrjzhi0x2ci2je&dl=0
g0109,Passaparola,FALSE,Casa,15,2;6,8,Parole,,parole,Passaparola Casa Parole parole,https://www.dl.dropboxusercontent.com/scl/fi/czghhvtp0q6g5zx3lz0am/passaparola.png?rlkey=fs5q4ge6r48yy77bnjsu10l1o&dl=0
g0110,Rubik's Revolution,FALSE,Casa,15,2;6,8,Velocità;Memoria,,,Rubik's Revolution Casa Velocità;Memoria ,https://www.dl.dropboxusercontent.com/scl/fi/r5bar1xo0m05o34dgz5oa/RubiksRevolution.png?rlkey=h6ckfe38ubsf5w9p6l672d19u&dl=0
g0111,Poeticamente,FALSE,Casa,20,2;8,8,Parole;Creatività,,istruttivo poesia,Poeticamente Casa Parole;Creatività istruttivo poesia,https://www.dl.dropboxusercontent.com/scl/fi/dgfseuqqjy3utvb1cu5lx/poeticamente.jpeg?rlkey=jb1a3rviq6mx5cv3p1mml94t9&dl=0
g0112,Passa la Bomda,FALSE,Casa,15,2;8,8,Parole;Velocità,,parole parola sillabe lettere,Passa la Bomda Casa Parole;Velocità parole parola sillabe lettere,https://www.dl.dropboxusercontent.com/scl/fi/vk4rjvd7rag1rodho0hbk/passaBomba.png?rlkey=4rt86wy2ekqzry1ruqvobileh&dl=0
g0113,T.I.M.E. Stories,FALSE,Casa,90,2;4,14,Deduzione;EscapeRoom;Cooperativo,,time escape room ,T.I.M.E. Stories Casa Deduzione;EscapeRoom;Cooperativo time escape room ,https://www.dl.dropboxusercontent.com/scl/fi/nee90gphwr2mhhhe9ld7v/timeStories.png?rlkey=8fon8j2zdy2t9rle1znnxm71g&dl=0
g0114,The Wolves,FALSE,Casa,75,2;5,14,StrategiaGenerica;Plancia;GestioneRisorse,,lupi,The Wolves Casa StrategiaGenerica;Plancia;GestioneRisorse lupi,https://www.dl.dropboxusercontent.com/scl/fi/ycux974en5ft94a5pqdkz/wolves.jpeg?rlkey=8syq7117cavf66rurai6vyuxq&dl=0
g0115,Happy Little Dinosaurs,FALSE,Casa,45,2;4,8,Famiglia;StrategiaGenerica;Bluff,,unstable games dinosauro dinosauri stegosauro,Happy Little Dinosaurs Casa Famiglia;StrategiaGenerica;Bluff unstable games dinosauro dinosauri stegosauro,https://www.dl.dropboxusercontent.com/scl/fi/0fauh206d24aa3wtxis8y/happyLittleDinosaur.jpeg?rlkey=ulzqt859n5npm7js355lq01tq&dl=0
g0116,Exit - Il laboratorio segreto,FALSE,Casa,90,1;6,12,Deduzione;EscapeRoom;Cooperativo,g0045,,Exit - Il laboratorio segreto Casa Deduzione;EscapeRoom;Cooperativo ,https://www.dl.dropboxusercontent.com/scl/fi/4u63b7227yeutvqlhj5us/exitLaboratorioSegreto.jpeg?rlkey=qfo6a2z5rlcmnge4esz65aqkl&dl=0
g0117,Mysterium,FALSE,Casa,42,2;7,10,Deduzione;EscapeRoom;Cooperativo,,misterium medium fantasma,Mysterium Casa Deduzione;EscapeRoom;Cooperativo misterium medium fantasma,https://www.dl.dropboxusercontent.com/scl/fi/gqntbpsieqvexigf8sfi1/mysterium.jpg?rlkey=0jxh4kcwphu3y9gsvv178y81y&dl=0
g0118,The Nightmare Before Christmas,FALSE,Casa,45,2;6,10,StrategiaGenerale;Carte;Famiglia,,take over the holidays disney,The Nightmare Before Christmas Casa StrategiaGenerale;Carte;Famiglia take over the holidays disney,https://www.dl.dropboxusercontent.com/scl/fi/8e0q50wm8l2nwhinihstg/nightmareBeforeChristmas.jpeg?rlkey=xp59474ud6zujnyjvm5hm4svv&dl=0
g0119,13 Indizi,FALSE,Casa,30,2;6,8,StrategiaGenerica;Deduzione,,tredici,13 Indizi Casa StrategiaGenerica;Deduzione tredici,https://www.dl.dropboxusercontent.com/scl/fi/v36qxiv28gq8912muzhyg/13indizi.jpg?rlkey=p9ghacrq3ymy9vhm3yn1cmrf7&dl=0
g0120,find ordet - find the word,FALSE,Genitori Vr,20,2;6,6,Parole;Velocità,,tiger trova la parola,find ordet - find the word Genitori Vr Parole;Velocità tiger trova la parola,https://www.dl.dropboxusercontent.com/scl/fi/ovw5gih6dxhglgidjh6dl/findOrdet.jpeg?rlkey=8a4a4vxaetxclbyymimeu3wyn&dl=0
g0121,Dobble,FALSE,Genitori Vr,10,2;8,6,PartyGame;Velocità,,immagini matematica,Dobble Genitori Vr PartyGame;Velocità immagini matematica,https://www.dl.dropboxusercontent.com/scl/fi/uzv17tyzh206rjqhtoqn4/Dobble.png?rlkey=15rdvj74v08zrz84y78tetpeo&dl=0
g0122,Venice connection,FALSE,Genitori Vr,5,2,8,StrategiaGenerica;Scacchi,,venezia canale fiume,Venice connection Genitori Vr StrategiaGenerica;Scacchi venezia canale fiume,https://www.dl.dropboxusercontent.com/scl/fi/v8e62awjddppncjqwzlov/VeniceConnection.jpg?rlkey=a5gkyxut270cd2ywnk15vhm6g&dl=0
g0123,Patchwork,FALSE,Genitori Vr,30,2,8,StrategiaGenerica;Plancia,,Puzzle,Patchwork Genitori Vr StrategiaGenerica;Plancia Puzzle,https://www.dl.dropboxusercontent.com/scl/fi/2dx6bufromtek4l5ipclm/patchwork.jpg?rlkey=x47ww3no6s8e9t023081feivz&dl=0
g0124,Slapzi,FALSE,Genitori Vr,15,2;8,6,Parole;Velocità,g0124,,Slapzi Genitori Vr Parole;Velocità ,https://www.dl.dropboxusercontent.com/scl/fi/3nvyq7okf1jbcje1tqjef/slapzi.jpeg?rlkey=ixpb6xrx13qzr0i792tqvydba&dl=0
g0125,Gobble,FALSE,Genitori Vr,10,2,3,Classico;Famiglia,,tris,Gobble Genitori Vr Classico;Famiglia tris,https://www.dl.dropboxusercontent.com/scl/fi/q7upqawyrrbjz26gkofn6/gobble.png?rlkey=00e944pgtips8de7zsdh54y6i&dl=0
g0126,Exit - L'isola Dimenticata,FALSE,Casa,90,1;4,12,Deduzione;EscapeRoom;Cooperativo,g0045,,Exit - L'isola Dimenticata Casa Deduzione;EscapeRoom;Cooperativo ,https://www.dl.dropboxusercontent.com/scl/fi/y0qs9veyxe6h9s6bh7vbc/exitisoladimenticata.jpeg?rlkey=tucgpfmgac47m1y5o7dlwe3xt&dl=0
g0127,Marrakech,FALSE,Casa,25,2;4,8,Famiglia;StrategiaGenerica,,homemade mano fatto,Marrakech Casa Famiglia;StrategiaGenerica homemade mano fatto,https://www.dl.dropboxusercontent.com/scl/fi/9f3gk9xee1bupkxdgu480/Marrakech.png?rlkey=j43ilpc3bu00wy986aee7mcpl&dl=0
